Project Name,Package Name,Type Name,LCOM1,LCOM2,LCOM3,LCOM4,LCOM5,YALCOM
tablesaw,tech.tablesaw.io.arrow,ArrowWriterTest,3.0,3.0,3.0,3.0,0.5,0.0
tablesaw,tech.tablesaw.io.arrow,ArrowReader,3.0,0.0,2.0,1.0,0.3333333333333333,0.0
tablesaw,tech.tablesaw.io.arrow,ArrowWriter,6.0,0.0,4.0,1.0,0.0,0.0
tablesaw,tech.tablesaw.io.html,HtmlWriterTest,5.0,4.0,5.0,5.0,0.8333333333333334,0.0
tablesaw,tech.tablesaw.io.html,HtmlWriteOptions,130.0,124.0,15.0,14.0,0.96875,0.7058823529411765
tablesaw,tech.tablesaw.io.html,Builder,21.0,21.0,7.0,7.0,1.0,1.0
tablesaw,tech.tablesaw.io.html,ElementCreator,1.0,0.0,2.0,1.0,0.0,-1.0
tablesaw,tech.tablesaw.io.html,HtmlReader,3.0,0.0,3.0,2.0,1.0,0.6666666666666666
tablesaw,tech.tablesaw.io.html,HtmlReadOptions,462.0,459.0,30.0,30.0,0.9833333333333333,0.9354838709677419
tablesaw,tech.tablesaw.io.html,Builder,190.0,190.0,20.0,20.0,1.0,1.0
tablesaw,tech.tablesaw.io.html,HtmlWriter,10.0,0.0,5.0,2.0,1.0,0.4
tablesaw,tech.tablesaw.examples,ScattterPlotMatrixExample,0.0,0.0,1.0,1.0,0.0,0.0
tablesaw,tech.tablesaw.examples,HistogramOverlayExample,0.0,0.0,1.0,1.0,0.0,0.0
tablesaw,tech.tablesaw.examples,HorizontalBarExample,0.0,0.0,1.0,1.0,0.0,0.0
tablesaw,tech.tablesaw.examples,Histogram2dTraceTest,0.0,0.0,1.0,1.0,0.0,0.0
tablesaw,tech.tablesaw.examples,ScatterVisualizations,0.0,0.0,1.0,1.0,0.0,0.0
tablesaw,tech.tablesaw.examples,AreaPlotExample,0.0,0.0,1.0,1.0,0.0,0.0
tablesaw,tech.tablesaw.examples,HistogramHorizontalExample,0.0,0.0,1.0,1.0,0.0,0.0
tablesaw,tech.tablesaw.examples,ScatterplotWithTwoYAxes,0.0,0.0,1.0,1.0,0.0,0.0
tablesaw,tech.tablesaw.examples,BubbleExample2,0.0,0.0,1.0,1.0,0.0,0.0
tablesaw,tech.tablesaw.examples,SimpleScatterExample,0.0,0.0,1.0,1.0,0.0,0.0
tablesaw,tech.tablesaw.examples,ScatterLegendExample,0.0,0.0,1.0,1.0,0.0,0.0
tablesaw,tech.tablesaw.examples,TimeSeriesVisualizations,0.0,0.0,1.0,1.0,0.0,0.0
tablesaw,tech.tablesaw.examples,TimeSeriesExample,0.0,0.0,1.0,1.0,0.0,0.0
tablesaw,tech.tablesaw.examples,TukeyMeanDistributionPlotExample,0.0,0.0,1.0,1.0,0.0,0.0
tablesaw,tech.tablesaw.examples,TornadoVisualizations,0.0,0.0,1.0,1.0,0.0,0.0
tablesaw,tech.tablesaw.examples,BubbleExample,0.0,0.0,1.0,1.0,0.0,0.0
tablesaw,tech.tablesaw.examples,BarPieAndParetoExample,0.0,0.0,1.0,1.0,0.0,0.0
tablesaw,tech.tablesaw.examples,MultiPlotExample,1.0,0.0,2.0,1.0,1.0,0.0
tablesaw,tech.tablesaw.examples,HeatmapExample,0.0,0.0,1.0,1.0,0.0,0.0
tablesaw,tech.tablesaw.examples,QuantileExample,0.0,0.0,1.0,1.0,0.0,0.0
tablesaw,tech.tablesaw.examples,LinePlotExample,0.0,0.0,1.0,1.0,0.0,0.0
tablesaw,tech.tablesaw.examples,AbstractExample,1.0,0.0,2.0,2.0,0.0,1.0
tablesaw,tech.tablesaw.examples,ScatterplotWithSpecificAxisRange,0.0,0.0,1.0,1.0,0.0,0.0
tablesaw,tech.tablesaw.examples,DistributionVisualizations,0.0,0.0,1.0,1.0,0.0,0.0
tablesaw,tech.tablesaw.examples,BoxExample,0.0,0.0,1.0,1.0,0.0,0.0
tablesaw,tech.tablesaw.examples,MarkerOptionsExample,12.0,0.0,2.0,1.0,0.3055555555555555,0.0
tablesaw,tech.tablesaw.examples,HistogramFuncExample,0.0,0.0,1.0,1.0,0.0,0.0
tablesaw,tech.tablesaw.examples,SubplotExample,0.0,0.0,1.0,1.0,0.0,0.0
tablesaw,tech.tablesaw.examples,HistogramProbabilityExample,0.0,0.0,1.0,1.0,0.0,0.0
tablesaw,tech.tablesaw.examples,PieExample,0.0,0.0,1.0,1.0,0.0,0.0
tablesaw,tech.tablesaw.examples,HoverBroadcastExample,0.0,0.0,1.0,1.0,0.0,0.0
tablesaw,tech.tablesaw.examples,LinePlotExampleWithSmoothing,0.0,0.0,1.0,1.0,0.0,0.0
tablesaw,tech.tablesaw.examples,LineOptionsExample,8.0,0.0,2.0,1.0,0.125,0.0
tablesaw,tech.tablesaw.examples,HistogramExample,0.0,0.0,1.0,1.0,0.0,0.0
tablesaw,tech.tablesaw.examples,ParetoExample,0.0,0.0,1.0,1.0,0.0,0.0
tablesaw,tech.tablesaw.examples,DotPlotExample,0.0,0.0,1.0,1.0,0.0,0.0
tablesaw,tech.tablesaw.examples,QQPlotExample,0.0,0.0,1.0,1.0,0.0,0.0
tablesaw,tech.tablesaw.examples,BarExample,0.0,0.0,1.0,1.0,0.0,0.0
tablesaw,tech.tablesaw.examples,PivotTableExample,0.0,0.0,1.0,1.0,0.0,0.0
tablesaw,tech.tablesaw.examples,TornadoExample,0.0,0.0,1.0,1.0,0.0,0.0
tablesaw,tech.tablesaw.examples,PopulationExample,0.0,0.0,1.0,1.0,0.0,0.0
tablesaw,tech.tablesaw.examples,AbstractExample,1.0,0.0,2.0,2.0,0.0,1.0
tablesaw,tech.tablesaw.examples,Example1,0.0,0.0,1.0,1.0,0.0,0.0
tablesaw,tech.tablesaw.examples,CrossTabsExample,0.0,0.0,1.0,1.0,0.0,0.0
tablesaw,tech.tablesaw.examples,TextExample,1.0,0.0,2.0,1.0,1.5,0.0
tablesaw,tech.tablesaw.examples,OperationsExample,0.0,0.0,1.0,1.0,0.0,0.0
tablesaw,tech.tablesaw.examples,BusStopExample,0.0,0.0,1.0,1.0,0.0,0.0
tablesaw,tech.tablesaw.components,AxisTest,0.0,0.0,1.0,1.0,0.0,0.0
tablesaw,tech.tablesaw.components,GridTest,0.0,0.0,1.0,1.0,0.0,0.0
tablesaw,tech.tablesaw.components,TemplateUtilsTest,2.0,1.0,2.0,1.0,0.8333333333333334,0.0
tablesaw,tech.tablesaw.components,HoverLabelTest,0.0,0.0,1.0,1.0,0.0,0.0
tablesaw,tech.tablesaw.components,MarkerTest,0.0,0.0,1.0,1.0,0.0,0.0
tablesaw,tech.tablesaw.components,AnnotationTest,1.0,0.0,2.0,2.0,0.0,1.0
tablesaw,tech.tablesaw.components,LayoutTest,3.0,0.0,3.0,3.0,1.0,1.0
tablesaw,tech.tablesaw.plotly,HistogramTraceTest,0.0,0.0,1.0,1.0,0.5,0.0
tablesaw,tech.tablesaw.plotly,BoxTest,0.0,0.0,1.0,1.0,-0.0,0.0
tablesaw,tech.tablesaw.plotly,PageTest,0.0,0.0,1.0,1.0,-0.0,0.0
tablesaw,tech.tablesaw.plotly,ViolinTest,0.0,0.0,1.0,1.0,-0.0,0.0
tablesaw,tech.tablesaw.plotly,ContourTest,2.0,1.0,2.0,2.0,0.5,0.6666666666666666
tablesaw,tech.tablesaw.plotly,PlotTest,0.0,0.0,1.0,1.0,0.0,0.0
tablesaw,tech.tablesaw.plotly,OhlcTest,0.0,0.0,1.0,1.0,0.0,0.0
tablesaw,tech.tablesaw.plotly,PieTest,0.0,0.0,1.0,1.0,-0.0,0.0
tablesaw,tech.tablesaw.plotly,BubbleTest,0.0,0.0,1.0,1.0,-0.0,0.0
tablesaw,tech.tablesaw.plotly,UtilsTest,0.0,0.0,1.0,1.0,0.0,0.0
tablesaw,tech.tablesaw.plotly,TimeSeriesTest,0.0,0.0,1.0,1.0,0.0,0.0
tablesaw,tech.tablesaw.plotly,BarTest,0.0,0.0,1.0,1.0,-0.0,0.0
tablesaw,tech.tablesaw.plotly,Scatter3DTest,4.0,0.0,2.0,2.0,0.3125,0.4
tablesaw,tech.tablesaw.plotly,ScatterTest,0.0,0.0,1.0,1.0,0.4,0.0
tablesaw,tech.tablesaw.plotly,Plot,28.0,0.0,8.0,2.0,0.9642857142857143,0.0
tablesaw,tech.tablesaw.plotly,Utils,15.0,0.0,6.0,5.0,0.0,0.8333333333333334
tablesaw,tech.tablesaw.plotly.components,ConfigTest,0.0,0.0,1.0,1.0,0.0,0.0
tablesaw,tech.tablesaw.plotly.components,FigureTest,0.0,0.0,1.0,1.0,0.125,0.0
tablesaw,tech.tablesaw.plotly.components,ChangeTest,1.0,0.0,2.0,2.0,0.0,1.0
tablesaw,tech.tablesaw.plotly.components,Annotation,1576.0,1441.0,51.0,51.0,0.9942528735632183,0.1016949152542373
tablesaw,tech.tablesaw.plotly.components,AnnotationBuilder,946.0,946.0,44.0,44.0,1.0,1.0
tablesaw,tech.tablesaw.plotly.components,TickSettings,611.0,519.0,27.0,27.0,0.9798622151563329,0.13157894736842105
tablesaw,tech.tablesaw.plotly.components,TickSettingsBuilder,298.0,296.0,23.0,23.0,0.996376811594203,0.92
tablesaw,tech.tablesaw.plotly.components,Axis,1856.0,1567.0,53.0,53.0,0.9915632754342432,0.13636363636363635
tablesaw,tech.tablesaw.plotly.components,AxisBuilder,487.0,478.0,27.0,27.0,0.9922135706340378,0.84375
tablesaw,tech.tablesaw.plotly.components,Spikes,74.0,57.0,11.0,11.0,0.9551282051282051,0.35714285714285715
tablesaw,tech.tablesaw.plotly.components,SpikesBuilder,21.0,21.0,7.0,7.0,1.0,1.0
tablesaw,tech.tablesaw.plotly.components,ColorBar,344.0,282.0,24.0,24.0,0.9852941176470589,0.1724137931034483
tablesaw,tech.tablesaw.plotly.components,ColorBarBuilder,135.0,134.0,16.0,16.0,0.99609375,0.9411764705882353
tablesaw,tech.tablesaw.plotly.components,Line,101.0,82.0,13.0,12.0,0.9619047619047619,0.3125
tablesaw,tech.tablesaw.plotly.components,LineBuilder,21.0,21.0,7.0,7.0,1.0,1.0
tablesaw,tech.tablesaw.plotly.components,Marker,280.0,235.0,22.0,22.0,0.977,0.19230769230769232
tablesaw,tech.tablesaw.plotly.components,MarkerBuilder,149.0,145.0,15.0,15.0,0.9816176470588235,0.8333333333333334
tablesaw,tech.tablesaw.plotly.components,Grid,135.0,117.0,17.0,17.0,0.9669117647058824,0.5
tablesaw,tech.tablesaw.plotly.components,GridBuilder,44.0,43.0,9.0,9.0,0.9861111111111112,0.9
tablesaw,tech.tablesaw.plotly.components,Layout,552.0,474.0,34.0,32.0,0.9865306122448979,0.1111111111111111
tablesaw,tech.tablesaw.plotly.components,LayoutBuilder,231.0,231.0,26.0,26.0,1.0073260073260073,1.0
tablesaw,tech.tablesaw.plotly.components,Figure,234.0,143.0,7.0,6.0,0.888,0.11538461538461539
tablesaw,tech.tablesaw.plotly.components,FigureBuilder,17.0,13.0,4.0,4.0,0.875,0.5714285714285714
tablesaw,tech.tablesaw.plotly.components,Domain,36.0,27.0,9.0,8.0,0.9444444444444444,0.4
tablesaw,tech.tablesaw.plotly.components,DomainBuilder,10.0,10.0,5.0,5.0,1.0,1.0
tablesaw,tech.tablesaw.plotly.components,Component,21.0,21.0,7.0,3.0,1.0,0.42857142857142855
tablesaw,tech.tablesaw.plotly.components,Config,38.0,31.0,9.0,8.0,0.9444444444444444,0.5
tablesaw,tech.tablesaw.plotly.components,Builder,10.0,10.0,5.0,5.0,1.0,1.0
tablesaw,tech.tablesaw.plotly.components,HoverLabel,36.0,27.0,9.0,8.0,0.9444444444444444,0.4
tablesaw,tech.tablesaw.plotly.components,HoverLabelBuilder,10.0,10.0,5.0,5.0,1.0,1.0
tablesaw,tech.tablesaw.plotly.components,Font,72.0,53.0,10.0,9.0,0.8901098901098901,0.42857142857142855
tablesaw,tech.tablesaw.plotly.components,FontBuilder,10.0,10.0,5.0,5.0,1.0,1.0
tablesaw,tech.tablesaw.plotly.components,Page,13.0,5.0,6.0,6.0,0.8611111111111112,0.42857142857142855
tablesaw,tech.tablesaw.plotly.components,PageBuilder,3.0,3.0,3.0,3.0,1.0,1.0
tablesaw,tech.tablesaw.plotly.components,TemplateUtils,3.0,0.0,3.0,3.0,0.5,0.6666666666666666
tablesaw,tech.tablesaw.plotly.components,Margin,65.0,52.0,12.0,11.0,0.9583333333333334,0.38461538461538464
tablesaw,tech.tablesaw.plotly.components,MarginBuilder,28.0,28.0,8.0,8.0,1.0,1.0
tablesaw,tech.tablesaw.plotly.components,Gradient,46.0,37.0,8.0,7.0,0.9199999999999999,0.45454545454545453
tablesaw,tech.tablesaw.plotly.components,GradientBuilder,5.0,4.0,3.0,3.0,0.8333333333333334,0.75
tablesaw,tech.tablesaw.plotly.components.threeD,EyeTest,0.0,0.0,1.0,1.0,0.0,0.0
tablesaw,tech.tablesaw.plotly.components.threeD,UpTest,0.0,0.0,1.0,1.0,0.0,0.0
tablesaw,tech.tablesaw.plotly.components.threeD,CenterTest,0.0,0.0,1.0,1.0,0.0,0.0
tablesaw,tech.tablesaw.plotly.components.threeD,Eye,3.0,0.0,2.0,2.0,0.3333333333333333,0.5
tablesaw,tech.tablesaw.plotly.components.threeD,EyeBuilder,1.0,1.0,2.0,2.0,1.0,1.0
tablesaw,tech.tablesaw.plotly.components.threeD,Up,3.0,0.0,2.0,2.0,0.5833333333333334,0.5
tablesaw,tech.tablesaw.plotly.components.threeD,UpBuilder,1.0,1.0,2.0,2.0,1.0,1.0
tablesaw,tech.tablesaw.plotly.components.threeD,Center,3.0,0.0,2.0,2.0,0.3333333333333333,0.5
tablesaw,tech.tablesaw.plotly.components.threeD,CenterBuilder,1.0,1.0,2.0,2.0,1.0,1.0
tablesaw,tech.tablesaw.plotly.components.threeD,Camera,21.0,14.0,7.0,7.0,0.9285714285714286,0.5
tablesaw,tech.tablesaw.plotly.components.threeD,CameraBuilder,6.0,6.0,4.0,4.0,1.0,1.0
tablesaw,tech.tablesaw.plotly.components.threeD,CameraComponent,5.0,4.0,3.0,2.0,0.6666666666666666,0.5
tablesaw,tech.tablesaw.plotly.components.threeD,Scene,27.0,18.0,8.0,7.0,0.9375,0.3333333333333333
tablesaw,tech.tablesaw.plotly.components.threeD,SceneBuilder,10.0,10.0,5.0,5.0,1.0,1.0
tablesaw,tech.tablesaw.plotly.traces,TraceBuilderTest,6.0,0.0,4.0,4.0,0.0,1.0
tablesaw,tech.tablesaw.plotly.traces,PieTrace,33.0,21.0,8.0,7.0,0.8888888888888888,0.4
tablesaw,tech.tablesaw.plotly.traces,PieBuilder,10.0,10.0,5.0,5.0,1.0,1.0
tablesaw,tech.tablesaw.plotly.traces,ViolinTrace,80.0,55.0,11.0,10.0,0.9047619047619048,0.4
tablesaw,tech.tablesaw.plotly.traces,ViolinBuilder,35.0,34.0,8.0,8.0,0.95,0.8888888888888888
tablesaw,tech.tablesaw.plotly.traces,ContourTrace,28.0,20.0,8.0,7.0,0.890625,0.4444444444444444
tablesaw,tech.tablesaw.plotly.traces,ContourBuilder,10.0,10.0,5.0,5.0,1.0,1.0
tablesaw,tech.tablesaw.plotly.traces,TraceBuilder,55.0,55.0,12.0,12.0,1.011111111111111,1.0
tablesaw,tech.tablesaw.plotly.traces,HistogramTrace,399.0,363.0,23.0,21.0,0.9745127436281859,0.36666666666666664
tablesaw,tech.tablesaw.plotly.traces,HistogramBuilder,167.0,163.0,16.0,16.0,0.9848484848484849,0.8421052631578947
tablesaw,tech.tablesaw.plotly.traces,Histogram2DTrace,18.0,8.0,6.0,5.0,0.8285714285714285,0.375
tablesaw,tech.tablesaw.plotly.traces,Histogram2DBuilder,3.0,3.0,3.0,3.0,1.0,1.0
tablesaw,tech.tablesaw.plotly.traces,BoxTrace,57.0,36.0,9.0,8.0,0.8333333333333334,0.46153846153846156
tablesaw,tech.tablesaw.plotly.traces,BoxBuilder,20.0,19.0,6.0,6.0,0.8888888888888888,0.8571428571428571
tablesaw,tech.tablesaw.plotly.traces,ScatterTrace,561.0,492.0,29.0,28.0,0.9743589743589743,0.2777777777777778
tablesaw,tech.tablesaw.plotly.traces,ScatterBuilder,271.0,266.0,20.0,20.0,0.9872122762148338,0.8333333333333334
tablesaw,tech.tablesaw.plotly.traces,BarTrace,131.0,109.0,13.0,12.0,0.9294117647058824,0.4444444444444444
tablesaw,tech.tablesaw.plotly.traces,BarBuilder,54.0,53.0,10.0,10.0,0.96,0.9090909090909091
tablesaw,tech.tablesaw.plotly.traces,AbstractTrace,20.0,12.0,3.0,2.0,0.8571428571428571,0.25
tablesaw,tech.tablesaw.plotly.traces,Trace,6.0,0.0,4.0,4.0,0.0,-1.0
tablesaw,tech.tablesaw.plotly.traces,HeatmapTrace,28.0,20.0,8.0,7.0,0.890625,0.4444444444444444
tablesaw,tech.tablesaw.plotly.traces,HeatmapBuilder,10.0,10.0,5.0,5.0,1.0,1.0
tablesaw,tech.tablesaw.plotly.traces,Scatter3DTrace,185.0,160.0,16.0,15.0,0.9366666666666668,0.42857142857142855
tablesaw,tech.tablesaw.plotly.traces,Scatter3DBuilder,89.0,87.0,12.0,12.0,0.9560439560439561,0.8571428571428571
tablesaw,tech.tablesaw.plotly.components.change,Change,10.0,5.0,5.0,4.0,0.9,0.3333333333333333
tablesaw,tech.tablesaw.plotly.components.change,ChangeBuilder,1.0,1.0,2.0,2.0,1.0,1.0
tablesaw,tech.tablesaw.plotly.components.change,Decreasing,10.0,0.0,5.0,5.0,0.0,1.0
tablesaw,tech.tablesaw.plotly.components.change,DecreasingBuilder,3.0,0.0,3.0,3.0,0.0,1.0
tablesaw,tech.tablesaw.plotly.components.change,ChangeLine,23.0,18.0,7.0,6.0,0.9523809523809524,0.5
tablesaw,tech.tablesaw.plotly.components.change,LineBuilder,3.0,3.0,3.0,3.0,1.0,1.0
tablesaw,tech.tablesaw.plotly.components.change,Increasing,10.0,0.0,5.0,5.0,0.0,1.0
tablesaw,tech.tablesaw.plotly.components.change,IncreasingBuilder,3.0,0.0,3.0,3.0,0.0,1.0
tablesaw,tech.tablesaw.plotly.display,Browser,1.0,0.0,2.0,2.0,0.0,1.0
tablesaw,tech.tablesaw.plotly.event,HoverEventHandler,7.0,4.0,4.0,4.0,0.9166666666666667,0.6
tablesaw,tech.tablesaw.plotly.event,HoverEventHanlderBuilder,1.0,1.0,2.0,2.0,1.0,1.0
tablesaw,tech.tablesaw.plotly.event,EventHandlerBody,0.0,0.0,1.0,1.0,0.0,-1.0
tablesaw,tech.tablesaw.plotly.event,EventHandler,0.0,0.0,1.0,1.0,0.0,-1.0
tablesaw,tech.tablesaw.plotly.event,HoverBroadcastBody,10.0,5.0,5.0,5.0,0.9,0.5
tablesaw,tech.tablesaw.plotly.event,HoverBroadcastBuilder,3.0,3.0,3.0,3.0,1.0,1.0
tablesaw,tech.tablesaw.plotly.api,Heatmap,1.0,0.0,2.0,2.0,0.0,1.0
tablesaw,tech.tablesaw.plotly.api,Histogram2D,0.0,0.0,1.0,1.0,0.0,0.0
tablesaw,tech.tablesaw.plotly.api,OHLCPlot,0.0,0.0,1.0,1.0,0.0,0.0
tablesaw,tech.tablesaw.plotly.api,ScatterPlot,3.0,0.0,3.0,3.0,1.0,1.0
tablesaw,tech.tablesaw.plotly.api,LinePlot,3.0,0.0,3.0,3.0,0.0,1.0
tablesaw,tech.tablesaw.plotly.api,TukeyMeanDifferencePlot,3.0,0.0,3.0,1.0,0.0,0.0
tablesaw,tech.tablesaw.plotly.api,Histogram,3.0,0.0,3.0,2.0,0.0,0.6666666666666666
tablesaw,tech.tablesaw.plotly.api,AreaPlot,1.0,0.0,2.0,2.0,0.0,1.0
tablesaw,tech.tablesaw.plotly.api,BubblePlot,6.0,0.0,4.0,3.0,0.0,0.75
tablesaw,tech.tablesaw.plotly.api,VerticalBarPlot,1.0,0.0,2.0,2.0,0.0,1.0
tablesaw,tech.tablesaw.plotly.api,QuantilePlot,0.0,0.0,1.0,1.0,0.0,0.0
tablesaw,tech.tablesaw.plotly.api,ContourPlot,1.0,0.0,2.0,2.0,0.0,1.0
tablesaw,tech.tablesaw.plotly.api,HorizontalBarPlot,1.0,0.0,2.0,2.0,0.0,1.0
tablesaw,tech.tablesaw.plotly.api,BoxPlot,0.0,0.0,1.0,1.0,0.0,0.0
tablesaw,tech.tablesaw.plotly.api,QQPlot,3.0,0.0,3.0,1.0,0.0,0.0
tablesaw,tech.tablesaw.plotly.api,ViolinPlot,0.0,0.0,1.0,1.0,0.0,0.0
tablesaw,tech.tablesaw.plotly.api,Scatter3DPlot,6.0,0.0,4.0,1.0,1.0,0.0
tablesaw,tech.tablesaw.plotly.api,CandlestickPlot,0.0,0.0,1.0,1.0,0.0,0.0
tablesaw,tech.tablesaw.plotly.api,BarPlot,3.0,0.0,3.0,1.0,1.0,0.0
tablesaw,tech.tablesaw.plotly.api,ParetoPlot,3.0,0.0,3.0,1.0,0.0,0.0
tablesaw,tech.tablesaw.plotly.api,PiePlot,0.0,0.0,1.0,1.0,0.0,0.0
tablesaw,tech.tablesaw.plotly.api,PricePlot,0.0,0.0,1.0,1.0,0.0,0.0
tablesaw,tech.tablesaw.plotly.api,TimeSeriesPlot,15.0,0.0,6.0,6.0,0.0,1.0
tablesaw,tech.tablesaw.docs,OutputWriter,14.0,13.0,5.0,3.0,1.0,0.5
tablesaw,tech.tablesaw.docs,System,1.0,0.0,2.0,2.0,2.0,1.0
tablesaw,tech.tablesaw.docs,Printer,1.0,0.0,2.0,2.0,0.0,1.0
tablesaw,tech.tablesaw.docs,GettingStarted,28.0,0.0,8.0,1.0,0.8571428571428571,0.0
tablesaw,tech.tablesaw.docs,DocsSourceFile,0.0,0.0,1.0,1.0,0.0,-1.0
tablesaw,tech.tablesaw.docs,Tutorial,0.0,0.0,1.0,1.0,0.0,0.0
tablesaw,tech.tablesaw.docs,Main,0.0,0.0,1.0,1.0,0.0,0.0
tablesaw,tech.tablesaw.docs.userguide,CrossTabs,0.0,0.0,1.0,1.0,0.0,0.0
tablesaw,tech.tablesaw.io.jsonl,JsonlWriterTest,0.0,0.0,1.0,1.0,0.0,0.0
tablesaw,tech.tablesaw.io.jsonl,JsonlReaderTest,1.0,0.0,2.0,2.0,0.0,1.0
tablesaw,tech.tablesaw.io.jsonl,JsonlReadOptions,462.0,459.0,30.0,30.0,0.9833333333333333,0.9354838709677419
tablesaw,tech.tablesaw.io.jsonl,Builder,190.0,190.0,20.0,20.0,1.0,1.0
tablesaw,tech.tablesaw.io.jsonl,JsonlWriter,3.0,0.0,3.0,2.0,1.0,0.6666666666666666
tablesaw,tech.tablesaw.io.jsonl,JsonlWriteOptions,10.0,0.0,5.0,5.0,0.0,1.0
tablesaw,tech.tablesaw.io.jsonl,Builder,1.0,0.0,2.0,2.0,0.0,1.0
tablesaw,tech.tablesaw.io.jsonl,JsonlReader,6.0,0.0,4.0,2.0,0.8333333333333334,0.5
tablesaw,tech.tablesaw.io.json,JsonWriterTest,3.0,0.0,3.0,3.0,0.0,1.0
tablesaw,tech.tablesaw.io.json,JsonReaderTest,21.0,0.0,7.0,7.0,0.0,1.0
tablesaw,tech.tablesaw.io.json,JsonReadOptions,462.0,459.0,30.0,30.0,0.9833333333333333,0.9354838709677419
tablesaw,tech.tablesaw.io.json,Builder,190.0,190.0,20.0,20.0,1.0,1.0
tablesaw,tech.tablesaw.io.json,JsonWriter,3.0,0.0,3.0,2.0,1.0,0.6666666666666666
tablesaw,tech.tablesaw.io.json,JsonReader,10.0,0.0,5.0,2.0,0.875,0.4
tablesaw,tech.tablesaw.io.json,JsonWriteOptions,30.0,24.0,7.0,7.0,0.9375,0.5555555555555556
tablesaw,tech.tablesaw.io.json,Builder,6.0,6.0,4.0,4.0,1.0,1.0
tablesaw,tech.tablesaw.beakerx,TablesawDisplayer,15.0,0.0,6.0,4.0,0.0,0.6666666666666666
tablesaw,tech.tablesaw.io.xlsx,XlsxWriterTest,1.0,0.0,2.0,2.0,0.0,1.0
tablesaw,tech.tablesaw.io.xlsx,XlsxReaderTest,55.0,0.0,11.0,10.0,0.0,0.9090909090909091
tablesaw,tech.tablesaw.io.xlsx,XlsxWriteOptions,55.0,0.0,11.0,10.0,0.0,0.9090909090909091
tablesaw,tech.tablesaw.io.xlsx,Builder,10.0,0.0,5.0,5.0,0.0,1.0
tablesaw,tech.tablesaw.io.xlsx,XlsxReader,149.0,127.0,12.0,2.0,0.8222222222222223,0.10526315789473684
tablesaw,tech.tablesaw.io.xlsx,TableRange,0.0,0.0,1.0,1.0,0.5,0.0
tablesaw,tech.tablesaw.io.xlsx,XlsxReadOptions,375.0,372.0,27.0,27.0,0.9814814814814815,0.9285714285714286
tablesaw,tech.tablesaw.io.xlsx,Builder,190.0,190.0,20.0,20.0,1.0,1.0
tablesaw,tech.tablesaw.io.xlsx,XlsxWriter,3.0,0.0,3.0,3.0,1.0,1.0
tablesaw,tech.tablesaw.io.saw,SawMetadataTest,55.0,0.0,11.0,11.0,0.1,0.0
tablesaw,tech.tablesaw.io.saw,SawStorageTest,244.0,235.0,18.0,18.0,0.9375,0.34782608695652173
tablesaw,tech.tablesaw.io.saw,IoTest,0.0,0.0,1.0,1.0,0.0,0.0
tablesaw,tech.tablesaw.io.saw,SawReadOptionsTest,3.0,0.0,3.0,3.0,0.0,1.0
tablesaw,tech.tablesaw.io.saw,SawMetadata,114.0,75.0,7.0,4.0,0.8991596638655461,0.16666666666666666
tablesaw,tech.tablesaw.io.saw,SawReadOptions,11.0,7.0,3.0,3.0,0.8666666666666666,0.5
tablesaw,tech.tablesaw.io.saw,TableMetadata,57.0,48.0,6.0,2.0,0.8636363636363636,0.16666666666666666
tablesaw,tech.tablesaw.io.saw,SawWriter,235.0,64.0,11.0,4.0,0.7142857142857143,0.13793103448275862
tablesaw,tech.tablesaw.io.saw,ColumnMetadata,104.0,88.0,4.0,2.0,0.9066666666666666,0.125
tablesaw,tech.tablesaw.io.saw,SawWriteOptions,18.0,15.0,4.0,4.0,0.9166666666666666,0.5714285714285714
tablesaw,tech.tablesaw.io.saw,SawReader,391.0,286.0,18.0,1.0,0.7526881720430109,0.0
tablesaw,tech.tablesaw.io.saw,SawUtils,1.0,0.0,2.0,2.0,1.8,1.0
tablesaw,tech.tablesaw.joining,DataFrameJoinerTest,6555.0,0.0,115.0,42.0,0.9622132253711201,0.09565217391304348
tablesaw,tech.tablesaw.joining,DataFrameJoiner,30.0,5.0,1.0,1.0,0.7555555555555555,0.0
tablesaw,tech.tablesaw.joining,ColumnIndexPair,0.0,0.0,1.0,1.0,-0.0,0.0
tablesaw,tech.tablesaw.joining,SortMergeJoin,171.0,152.0,13.0,2.0,0.8947368421052632,0.1
tablesaw,tech.tablesaw.joining,CrossProductJoin,90.0,75.0,10.0,3.0,0.880952380952381,0.2
tablesaw,tech.tablesaw.joining,RowComparatorChain,8.0,0.0,2.0,2.0,0.5416666666666666,0.2222222222222222
tablesaw,tech.tablesaw.joining,JoinStrategy,0.0,0.0,1.0,1.0,0.0,-1.0
tablesaw,tech.tablesaw.joining,SortKey,35.0,25.0,6.0,2.0,0.5555555555555556,0.2
tablesaw,tech.tablesaw.joining,AbstractJoiner,465.0,0.0,31.0,15.0,0.0,0.4838709677419355
tablesaw,tech.tablesaw.interpolation,InterpolatorTest,1.0,0.0,2.0,2.0,-0.0,0.0
tablesaw,tech.tablesaw.interpolation,Interpolator,0.0,0.0,1.0,1.0,-0.0,0.0
tablesaw,tech.tablesaw,TableFilteringTest,13.0,0.0,2.0,2.0,0.07692307692307693,0.14285714285714285
tablesaw,tech.tablesaw,SortTest,36.0,0.0,4.0,4.0,0.5192307692307693,0.2857142857142857
tablesaw,tech.tablesaw,TestDataUtil,1.0,0.0,2.0,2.0,-0.0,0.0
tablesaw,tech.tablesaw,TestDataTest,1.0,0.0,2.0,1.0,0.0,0.0
tablesaw,tech.tablesaw,TableAssertions,1.0,0.0,2.0,2.0,0.0,1.0
tablesaw,tech.tablesaw.selection,BitSetSelectionTest,325.0,0.0,26.0,26.0,0.0,1.0
tablesaw,tech.tablesaw.selection,SelectionTest,105.0,0.0,15.0,15.0,0.0,1.0
tablesaw,tech.tablesaw.selection,BitmapBackedSelection,201.0,0.0,7.0,5.0,0.7356321839080461,0.16666666666666666
tablesaw,tech.tablesaw.selection,Selection,153.0,0.0,18.0,18.0,0.0,-1.0
tablesaw,tech.tablesaw.selection,BitSetBackedSelection,201.0,0.0,7.0,4.0,0.7356321839080461,0.13333333333333333
tablesaw,tech.tablesaw.columns.strings,StringFiltersTest,69.0,0.0,4.0,4.0,0.6666666666666666,0.16
tablesaw,tech.tablesaw.columns.strings,StringPredicates,0.0,0.0,1.0,1.0,0.0,0.0
tablesaw,tech.tablesaw.columns.strings,StringMapFunctions,528.0,0.0,33.0,1.0,0.0,-1.0
tablesaw,tech.tablesaw.columns.strings,ByteDictionaryMap,941.0,556.0,15.0,7.0,0.9181084198385235,0.038461538461538464
tablesaw,tech.tablesaw.columns.strings,ByteDictionaryBuilder,10.0,5.0,1.0,1.0,0.8,0.0
tablesaw,tech.tablesaw.columns.strings,ShortDictionaryMap,950.0,574.0,15.0,7.0,0.9237472766884532,0.0
tablesaw,tech.tablesaw.columns.strings,ShortDictionaryBuilder,16.0,11.0,2.0,2.0,0.8611111111111112,0.2857142857142857
tablesaw,tech.tablesaw.columns.strings,NoKeysAvailableException,0.0,0.0,1.0,1.0,0.0,0.0
tablesaw,tech.tablesaw.columns.strings,DictionaryMap,666.0,0.0,37.0,28.0,0.0,-1.0
tablesaw,tech.tablesaw.columns.strings,StringColumnFormatter,0.0,0.0,1.0,1.0,-0.0,0.0
tablesaw,tech.tablesaw.columns.strings,StringParser,6.0,0.0,4.0,4.0,0.0,1.0
tablesaw,tech.tablesaw.columns.strings,IntDictionaryMap,868.0,511.0,15.0,7.0,0.9195678271308524,0.04
tablesaw,tech.tablesaw.columns.strings,IntDictionaryBuilder,10.0,5.0,1.0,1.0,0.8,0.0
tablesaw,tech.tablesaw.columns.strings,StringData,630.0,0.0,36.0,34.0,0.0,-1.0
tablesaw,tech.tablesaw.columns.strings,NullDictionaryMap,183.0,0.0,7.0,6.0,0.18181818181818182,0.17647058823529413
tablesaw,tech.tablesaw.columns.strings,TextualStringData,1314.0,1143.0,37.0,13.0,0.8888888888888888,0.23636363636363636
tablesaw,tech.tablesaw.columns.strings,StringFilters,561.0,0.0,34.0,7.0,0.0,-1.0
tablesaw,tech.tablesaw.columns.strings,StringReduceUtils,3.0,0.0,3.0,1.0,0.0,-1.0
tablesaw,tech.tablesaw.columns.strings,StringColumnType,15.0,0.0,6.0,5.0,1.0666666666666667,0.8333333333333334
tablesaw,tech.tablesaw.columns.numbers,NumberMapFunctionsTest,253.0,0.0,23.0,23.0,0.9545454545454546,0.9565217391304348
tablesaw,tech.tablesaw.columns.numbers,NumberFillersTest,15.0,0.0,6.0,6.0,0.0,1.0
tablesaw,tech.tablesaw.columns.numbers,NumberInterpolatorTest,0.0,0.0,1.0,1.0,0.0,0.0
tablesaw,tech.tablesaw.columns.numbers,NumberFiltersTest,171.0,0.0,19.0,19.0,0.0,1.0
tablesaw,tech.tablesaw.columns.numbers,NumberRollingColumnTest,0.0,0.0,1.0,1.0,0.0,0.0
tablesaw,tech.tablesaw.columns.numbers,NumberColumnFormatterTest,0.0,0.0,1.0,1.0,0.0,0.0
tablesaw,tech.tablesaw.columns.numbers,ShortParser,9.0,3.0,3.0,2.0,0.4,0.3333333333333333
tablesaw,tech.tablesaw.columns.numbers,FloatColumnType,15.0,0.0,6.0,6.0,1.0666666666666667,1.0
tablesaw,tech.tablesaw.columns.numbers,NumberInterpolator,0.0,0.0,1.0,1.0,-0.0,0.0
tablesaw,tech.tablesaw.columns.numbers,NumberRollingColumn,78.0,0.0,13.0,13.0,0.0,1.0
tablesaw,tech.tablesaw.columns.numbers,IntColumnType,15.0,0.0,6.0,5.0,1.0666666666666667,0.8333333333333334
tablesaw,tech.tablesaw.columns.numbers,DoubleParser,15.0,0.0,6.0,3.0,0.0,0.5
tablesaw,tech.tablesaw.columns.numbers,NumberColumnFormatter,206.0,136.0,9.0,8.0,0.6739130434782609,0.3333333333333333
tablesaw,tech.tablesaw.columns.numbers,FloatParser,10.0,0.0,5.0,4.0,0.0,0.8
tablesaw,tech.tablesaw.columns.numbers,NumberPredicates,28.0,0.0,14.0,14.0,1.1428571428571428,-1.0
tablesaw,tech.tablesaw.columns.numbers,LongParser,9.0,3.0,3.0,1.0,0.4,0.0
tablesaw,tech.tablesaw.columns.numbers,DoubleColumnType,15.0,0.0,6.0,6.0,1.0666666666666667,1.0
tablesaw,tech.tablesaw.columns.numbers,NumberMapFunctions,990.0,0.0,45.0,1.0,0.0,-1.0
tablesaw,tech.tablesaw.columns.numbers,Stats,137.0,103.0,2.0,1.0,0.8809523809523809,0.0
tablesaw,tech.tablesaw.columns.numbers,NumberFillers,6.0,0.0,4.0,4.0,0.0,-1.0
tablesaw,tech.tablesaw.columns.numbers,NumberFilters,351.0,0.0,27.0,7.0,0.0,-1.0
tablesaw,tech.tablesaw.columns.numbers,LongColumnType,21.0,0.0,7.0,6.0,1.0,0.8571428571428571
tablesaw,tech.tablesaw.columns.numbers,ShortColumnType,15.0,0.0,6.0,5.0,1.0666666666666667,0.8333333333333334
tablesaw,tech.tablesaw.columns.numbers,IntParser,9.0,3.0,3.0,1.0,0.4,0.0
tablesaw,tech.tablesaw.columns.instant,InstantParserTest,3.0,0.0,3.0,3.0,-0.0,0.0
tablesaw,tech.tablesaw.columns.instant,InstantColumnFormatter,7.0,0.0,2.0,2.0,0.14285714285714285,0.25
tablesaw,tech.tablesaw.columns.instant,InstantColumnType,15.0,0.0,6.0,5.0,1.0666666666666667,0.8333333333333334
tablesaw,tech.tablesaw.columns.instant,InstantParser,3.0,0.0,3.0,2.0,0.0,0.6666666666666666
tablesaw,tech.tablesaw.columns.instant,InstantMapFunctions,45.0,0.0,10.0,1.0,0.0,-1.0
tablesaw,tech.tablesaw.columns.instant,PackedInstant,153.0,0.0,18.0,6.0,0.0,0.3333333333333333
tablesaw,tech.tablesaw.columns.dates,DateFillersTest,1.0,0.0,2.0,2.0,0.0,1.0
tablesaw,tech.tablesaw.columns.dates,DateFiltersTest,26.0,16.0,5.0,5.0,0.75,0.5555555555555556
tablesaw,tech.tablesaw.columns.dates,PackedLocalDateTest,253.0,0.0,23.0,23.0,0.0,1.0
tablesaw,tech.tablesaw.columns.dates,DateMapFunctionsTest,0.0,0.0,1.0,1.0,-0.0,0.0
tablesaw,tech.tablesaw.columns.dates,DateColumnType,15.0,0.0,6.0,5.0,1.0666666666666667,0.8333333333333334
tablesaw,tech.tablesaw.columns.dates,DateMapFunctions,630.0,0.0,36.0,5.0,0.0,-1.0
tablesaw,tech.tablesaw.columns.dates,DateFillers,3.0,0.0,3.0,2.0,0.0,-1.0
tablesaw,tech.tablesaw.columns.dates,DateParser,7.0,0.0,2.0,2.0,1.1363636363636362,0.3333333333333333
tablesaw,tech.tablesaw.columns.dates,DateFilters,1540.0,0.0,56.0,12.0,0.0,-1.0
tablesaw,tech.tablesaw.columns.dates,PackedLocalDate,2346.0,0.0,69.0,7.0,0.9926470588235294,0.10144927536231885
tablesaw,tech.tablesaw.columns.dates,DateColumnFormatter,10.0,0.0,5.0,5.0,0.0,1.0
tablesaw,tech.tablesaw.columns.datetimes,PackedLocalDateTimeTest,66.0,0.0,12.0,12.0,0.0,1.0
tablesaw,tech.tablesaw.columns.datetimes,DateTimeMapFunctionsTest,0.0,0.0,1.0,1.0,0.5333333333333333,0.0
tablesaw,tech.tablesaw.columns.datetimes,DateTimeFiltersTest,35.0,25.0,6.0,6.0,0.7777777777777778,0.6
tablesaw,tech.tablesaw.columns.datetimes,DateTimeFillersTest,1.0,0.0,2.0,2.0,0.0,1.0
tablesaw,tech.tablesaw.columns.datetimes,DateTimePredicates,0.0,0.0,0.0,0.0,0.0,-1.0
tablesaw,tech.tablesaw.columns.datetimes,DateTimeColumnFormatter,0.0,0.0,1.0,1.0,0.25,0.0
tablesaw,tech.tablesaw.columns.datetimes,PackedLocalDateTime,1891.0,0.0,62.0,6.0,0.0,0.0967741935483871
tablesaw,tech.tablesaw.columns.datetimes,DateTimeFilters,1225.0,0.0,50.0,45.0,0.0,-1.0
tablesaw,tech.tablesaw.columns.datetimes,DateTimeParser,7.0,4.0,3.0,3.0,1.125,0.6
tablesaw,tech.tablesaw.columns.datetimes,DateTimeColumnType,15.0,0.0,6.0,5.0,1.0666666666666667,0.8333333333333334
tablesaw,tech.tablesaw.columns.datetimes,DateTimeMapFunctions,496.0,0.0,32.0,21.0,0.0,-1.0
tablesaw,tech.tablesaw.columns,AbstractColumnTest,3.0,0.0,3.0,3.0,0.0,1.0
tablesaw,tech.tablesaw.columns,ColumnTest,414.0,393.0,24.0,24.0,0.9396551724137931,0.6
tablesaw,tech.tablesaw.columns,ColumnAppendTest,5.0,4.0,3.0,3.0,0.6666666666666666,0.75
tablesaw,tech.tablesaw.columns,Scenario,1.0,1.0,2.0,2.0,1.0,1.0
tablesaw,tech.tablesaw.columns,Column,3240.0,0.0,81.0,41.0,0.0,-1.0
tablesaw,tech.tablesaw.columns,ColumnFormatter,0.0,0.0,1.0,1.0,-0.0,0.0
tablesaw,tech.tablesaw.columns,AbstractColumnType,5.0,0.0,1.0,1.0,0.4444444444444445,0.0
tablesaw,tech.tablesaw.columns,AbstractColumnParser,76.0,74.0,11.0,11.0,0.9166666666666666,0.8461538461538461
tablesaw,tech.tablesaw.columns,SkipColumnType,10.0,0.0,5.0,5.0,1.0,0.6
tablesaw,tech.tablesaw.columns,DateAndTimePredicates,0.0,0.0,1.0,1.0,0.0,0.0
tablesaw,tech.tablesaw.columns,TemporalColumnFormatter,0.0,0.0,1.0,1.0,-0.0,0.0
tablesaw,tech.tablesaw.columns,ColumnStats,0.0,0.0,0.0,0.0,0.0,-1.0
tablesaw,tech.tablesaw.columns,AbstractColumn,261.0,246.0,17.0,17.0,0.9239130434782609,0.7083333333333334
tablesaw,tech.tablesaw.columns.times,PackedLocalTimeTest,253.0,0.0,23.0,15.0,0.0,0.6521739130434783
tablesaw,tech.tablesaw.columns.times,TimeFillersTest,1.0,0.0,2.0,2.0,0.0,1.0
tablesaw,tech.tablesaw.columns.times,LocalTimeFilterTest,169.0,13.0,2.0,2.0,0.6266666666666666,0.07692307692307693
tablesaw,tech.tablesaw.columns.times,TimeColumnFormatter,10.0,0.0,5.0,5.0,0.0,1.0
tablesaw,tech.tablesaw.columns.times,TimeColumnType,15.0,0.0,6.0,5.0,1.0666666666666667,0.8333333333333334
tablesaw,tech.tablesaw.columns.times,TimeFillers,3.0,0.0,3.0,2.0,0.0,-1.0
tablesaw,tech.tablesaw.columns.times,TimeParser,4.0,2.0,2.0,2.0,1.1794871794871795,0.5
tablesaw,tech.tablesaw.columns.times,TimeFilters,325.0,0.0,26.0,11.0,0.0,-1.0
tablesaw,tech.tablesaw.columns.times,PackedLocalTime,903.0,0.0,43.0,12.0,0.989010989010989,0.23255813953488372
tablesaw,tech.tablesaw.columns.times,TimeMapFunctions,595.0,0.0,35.0,3.0,0.0,-1.0
tablesaw,tech.tablesaw.columns.booleans,BooleanFillersTest,1.0,0.0,2.0,2.0,0.0,1.0
tablesaw,tech.tablesaw.columns.booleans,BooleanMapUtilsTest,0.0,0.0,1.0,1.0,-0.0,0.0
tablesaw,tech.tablesaw.columns.booleans,BooleanParser,10.0,0.0,5.0,5.0,0.875,0.8
tablesaw,tech.tablesaw.columns.booleans,BooleanColumnType,15.0,0.0,6.0,5.0,1.1333333333333333,0.8333333333333334
tablesaw,tech.tablesaw.columns.booleans,BooleanMapUtils,6.0,0.0,4.0,1.0,0.0,-1.0
tablesaw,tech.tablesaw.columns.booleans,BitSetBooleanData,244.0,0.0,5.0,3.0,0.6606060606060606,0.08823529411764706
tablesaw,tech.tablesaw.columns.booleans,BitSetByteIterator,0.0,0.0,1.0,1.0,0.25,0.0
tablesaw,tech.tablesaw.columns.booleans,BooleanFilters,10.0,0.0,5.0,5.0,0.0,-1.0
tablesaw,tech.tablesaw.columns.booleans,BooleanData,325.0,0.0,26.0,26.0,0.0,-1.0
tablesaw,tech.tablesaw.columns.booleans,BooleanColumnUtils,0.0,0.0,2.0,2.0,0.0,-1.0
tablesaw,tech.tablesaw.columns.booleans,BooleanFormatter,5.0,0.0,2.0,2.0,0.2,0.3333333333333333
tablesaw,tech.tablesaw.columns.booleans,BooleanFillers,3.0,0.0,3.0,2.0,0.0,-1.0
tablesaw,tech.tablesaw.io.fixed,FixedWidthWriterTest,0.0,0.0,3.0,3.0,0.75,0.0
tablesaw,tech.tablesaw.io.fixed,FixedWidthReaderTest,0.0,0.0,1.0,1.0,0.47619047619047616,0.0
tablesaw,tech.tablesaw.io.fixed,FixedWidthWriteOptionsTest,0.0,0.0,1.0,1.0,0.0,0.0
tablesaw,tech.tablesaw.io.fixed,FixedWidthWriter,28.0,0.0,8.0,2.0,1.0,0.25
tablesaw,tech.tablesaw.io.fixed,FixedWidthWriteOptions,1368.0,1305.0,33.0,32.0,0.9905660377358491,0.2037037037037037
tablesaw,tech.tablesaw.io.fixed,Builder,325.0,325.0,26.0,26.0,1.0,1.0
tablesaw,tech.tablesaw.io.fixed,FixedWidthReadOptions,963.0,936.0,36.0,36.0,0.9872159090909091,0.6222222222222222
tablesaw,tech.tablesaw.io.fixed,Builder,434.0,433.0,29.0,29.0,0.9956896551724138,0.9666666666666667
tablesaw,tech.tablesaw.io.fixed,FixedWidthReader,45.0,0.0,10.0,3.0,1.0,0.3
tablesaw,tech.tablesaw.io,ColumnTypeDetectorTest,1.0,0.0,2.0,2.0,1.0,1.0
tablesaw,tech.tablesaw.io,TypeUtilsTest,1.0,0.0,2.0,2.0,0.0,1.0
tablesaw,tech.tablesaw.io,FileReaderTest,0.0,0.0,1.0,1.0,0.0,0.0
tablesaw,tech.tablesaw.io,DataFrameWriterTest,0.0,0.0,3.0,3.0,0.6666666666666666,0.0
tablesaw,tech.tablesaw.io,SourceTest,0.0,0.0,1.0,1.0,0.0,0.0
tablesaw,tech.tablesaw.io,DataFrameReaderTest,35.0,34.0,8.0,3.0,0.875,0.3333333333333333
tablesaw,tech.tablesaw.io,WriteOptions,0.0,0.0,3.0,3.0,0.8,0.0
tablesaw,tech.tablesaw.io,Builder,0.0,0.0,1.0,1.0,0.5,0.0
tablesaw,tech.tablesaw.io,Destination,1.0,0.0,1.0,1.0,0.2,0.0
tablesaw,tech.tablesaw.io,ReadOptions,1016.0,904.0,24.0,24.0,0.9810360777058279,0.125
tablesaw,tech.tablesaw.io,Builder,318.0,285.0,13.0,13.0,0.9702797202797202,0.48148148148148145
tablesaw,tech.tablesaw.io,ColumnTypeReadOptions,10.0,0.0,6.0,6.0,1.25,-1.0
tablesaw,tech.tablesaw.io,ByIdxColumnTypeReadOptions,7.0,4.0,3.0,3.0,0.5,0.6
tablesaw,tech.tablesaw.io,ByNameMapColumnTypeReadOptions,0.0,0.0,1.0,1.0,-0.0,0.0
tablesaw,tech.tablesaw.io,CompleteFunctionColumnTypeReadOptions,2.0,1.0,2.0,2.0,0.5,0.6666666666666666
tablesaw,tech.tablesaw.io,PartialFunctionColumnTypeReadOptions,0.0,0.0,1.0,1.0,-0.0,0.0
tablesaw,tech.tablesaw.io,FileReader,75.0,72.0,11.0,5.0,0.9444444444444445,0.38461538461538464
tablesaw,tech.tablesaw.io,RuntimeIOException,0.0,0.0,1.0,1.0,0.0,0.0
tablesaw,tech.tablesaw.io,DataFrameWriter,11.0,0.0,2.0,2.0,0.3181818181818182,0.16666666666666666
tablesaw,tech.tablesaw.io,AddCellToColumnException,5.0,0.0,1.0,1.0,0.72,0.0
tablesaw,tech.tablesaw.io,ReaderRegistry,12.0,9.0,3.0,3.0,0.8,0.5
tablesaw,tech.tablesaw.io,DataReader,1.0,0.0,2.0,2.0,0.0,-1.0
tablesaw,tech.tablesaw.io,TableBuildingUtils,0.0,0.0,1.0,1.0,0.0,0.0
tablesaw,tech.tablesaw.io,ColumnTypeDetector,18.0,15.0,5.0,1.0,1.0,0.0
tablesaw,tech.tablesaw.io,TypeUtils,0.0,0.0,1.0,1.0,0.0,0.0
tablesaw,tech.tablesaw.io,Source,71.0,22.0,5.0,4.0,0.6166666666666667,0.25
tablesaw,tech.tablesaw.io,DataWriter,1.0,0.0,2.0,2.0,0.0,-1.0
tablesaw,tech.tablesaw.io,ColumnIndexOutOfBoundsException,2.0,0.0,1.0,1.0,0.7777777777777777,0.0
tablesaw,tech.tablesaw.io,DataFrameReader,266.0,256.0,20.0,8.0,0.8260869565217391,0.3333333333333333
tablesaw,tech.tablesaw.io,WriterRegistry,4.0,2.0,2.0,2.0,0.6666666666666666,0.5
tablesaw,tech.tablesaw.io.jdbc,SqlResultSetReaderTest,1.0,0.0,2.0,2.0,0.0,1.0
tablesaw,tech.tablesaw.io.jdbc,SqlResultSetReader,10.0,0.0,5.0,3.0,0.75,0.4
tablesaw,tech.tablesaw.io.csv,CsvReaderTest,1759.0,1748.0,55.0,55.0,0.923728813559322,0.7166666666666667
tablesaw,tech.tablesaw.io.csv,CsvWriterTest,171.0,0.0,19.0,19.0,0.0,1.0
tablesaw,tech.tablesaw.io.csv,CsvWriteOptionsTest,0.0,0.0,1.0,1.0,0.0,0.0
tablesaw,tech.tablesaw.io.csv,UnicodeBomHandlingTest,4.0,2.0,2.0,2.0,0.9333333333333332,0.5
tablesaw,tech.tablesaw.io.csv,BOM,1.0,0.0,1.0,1.0,0.8333333333333334,0.0
tablesaw,tech.tablesaw.io.csv,CsvWriteOptions,563.0,531.0,24.0,23.0,0.9852941176470589,0.34285714285714286
tablesaw,tech.tablesaw.io.csv,Builder,120.0,120.0,18.0,18.0,1.011111111111111,1.0
tablesaw,tech.tablesaw.io.csv,CsvReader,45.0,0.0,10.0,3.0,1.0,0.3
tablesaw,tech.tablesaw.io.csv,CsvWriter,15.0,0.0,6.0,3.0,1.0,0.5
tablesaw,tech.tablesaw.io.csv,CsvReadOptions,1429.0,1373.0,46.0,46.0,0.9722222222222222,0.6909090909090909
tablesaw,tech.tablesaw.io.csv,Builder,496.0,496.0,32.0,32.0,1.0,1.0
tablesaw,tech.tablesaw.io.string,DataFramePrinterTest,21.0,0.0,7.0,7.0,0.0,1.0
tablesaw,tech.tablesaw.io.string,DataFramePrinter,43.0,41.0,8.0,2.0,0.925925925925926,0.2
tablesaw,tech.tablesaw.perf,BooleanColumnPerf,1.0,0.0,2.0,2.0,0.0,1.0
tablesaw,tech.tablesaw.perf,Runner,0.0,0.0,1.0,1.0,0.0,0.0
tablesaw,tech.tablesaw.perf,JoinPerfTest,6.0,6.0,4.0,3.0,1.0,0.75
tablesaw,tech.tablesaw.perf,Runner,0.0,0.0,1.0,1.0,0.0,0.0
tablesaw,tech.tablesaw.perf,TimeDependentFilteringTest,15.0,15.0,6.0,2.0,1.0,0.3333333333333333
tablesaw,tech.tablesaw.perf,IndependentResult,0.0,0.0,1.0,1.0,0.0,0.0
tablesaw,tech.tablesaw.perf,DataFrameJoinerPerformanceTest,55.0,0.0,11.0,7.0,0.7666666666666666,0.0
tablesaw,tech.tablesaw.perf,SearchPerformanceTest,10.0,0.0,5.0,1.0,0.85,0.0
tablesaw,tech.tablesaw.perf,RowPerformanceTest,6.0,0.0,4.0,1.0,0.8333333333333334,0.0
tablesaw,tech.tablesaw.index,DoubleIndexTest,0.0,0.0,1.0,1.0,-0.0,0.0
tablesaw,tech.tablesaw.index,IntIndexTest,0.0,0.0,1.0,1.0,0.5,0.0
tablesaw,tech.tablesaw.index,LongIndexTest,0.0,0.0,1.0,1.0,-0.0,0.0
tablesaw,tech.tablesaw.index,LongIndex,132.0,111.0,12.0,11.0,0.6470588235294118,0.6111111111111112
tablesaw,tech.tablesaw.index,StringIndex,2.0,1.0,2.0,1.0,0.5,0.0
tablesaw,tech.tablesaw.index,ByteIndex,6.0,0.0,2.0,1.0,0.16666666666666666,0.0
tablesaw,tech.tablesaw.index,IntIndex,143.0,115.0,12.0,11.0,0.6111111111111112,0.5789473684210527
tablesaw,tech.tablesaw.index,FloatIndex,6.0,0.0,2.0,1.0,0.16666666666666666,0.0
tablesaw,tech.tablesaw.index,DoubleIndex,6.0,0.0,2.0,1.0,0.16666666666666666,0.0
tablesaw,tech.tablesaw.index,ShortIndex,6.0,0.0,2.0,1.0,0.16666666666666666,0.0
tablesaw,tech.tablesaw.index,Index,0.0,0.0,0.0,0.0,0.0,-1.0
tablesaw,tech.tablesaw.aggregate,PivotTableTest,0.0,0.0,1.0,1.0,0.0,0.0
tablesaw,tech.tablesaw.aggregate,AggregateFunctionsTest,195.0,90.0,11.0,11.0,0.4166666666666667,0.44
tablesaw,tech.tablesaw.aggregate,CrossTabTest,15.0,0.0,6.0,6.0,0.0,1.0
tablesaw,tech.tablesaw.aggregate,StringAggregateFunction,6.0,0.0,4.0,4.0,0.0,1.0
tablesaw,tech.tablesaw.aggregate,AnyIntAggregateFunction,6.0,0.0,4.0,4.0,0.0,1.0
tablesaw,tech.tablesaw.aggregate,NumericAggregateFunction,3.0,0.0,3.0,3.0,0.0,1.0
tablesaw,tech.tablesaw.aggregate,TimeAggregateFunction,6.0,0.0,4.0,4.0,0.0,1.0
tablesaw,tech.tablesaw.aggregate,AggregateFunction,12.0,9.0,4.0,4.0,0.6,0.6666666666666666
tablesaw,tech.tablesaw.aggregate,DateAggregateFunction,6.0,0.0,4.0,4.0,0.0,1.0
tablesaw,tech.tablesaw.aggregate,BooleanIntAggregateFunction,6.0,0.0,4.0,4.0,0.0,1.0
tablesaw,tech.tablesaw.aggregate,Summarizer,85.0,0.0,6.0,1.0,0.6754385964912281,0.0
tablesaw,tech.tablesaw.aggregate,PivotTable,3.0,0.0,3.0,1.0,0.0,0.0
tablesaw,tech.tablesaw.aggregate,BooleanDoubleAggregateFunction,6.0,0.0,4.0,4.0,0.0,1.0
tablesaw,tech.tablesaw.aggregate,CrossTab,78.0,0.0,13.0,3.0,0.75,0.23076923076923078
tablesaw,tech.tablesaw.aggregate,BooleanAggregateFunction,6.0,0.0,4.0,4.0,0.0,1.0
tablesaw,tech.tablesaw.aggregate,InstantAggregateFunction,6.0,0.0,4.0,4.0,0.0,1.0
tablesaw,tech.tablesaw.aggregate,AggregateFunctions,1176.0,0.0,49.0,26.0,1.0089962121212122,0.3877551020408163
tablesaw,tech.tablesaw.aggregate,DateTimeAggregateFunction,6.0,0.0,4.0,4.0,0.0,1.0
tablesaw,tech.tablesaw.table,TableSliceGroupTest,9.0,0.0,2.0,2.0,0.3888888888888889,0.2
tablesaw,tech.tablesaw.table,SliceBugTests,5.0,4.0,3.0,1.0,0.6666666666666666,0.0
tablesaw,tech.tablesaw.table,TableTransposeTest,78.0,0.0,13.0,13.0,-0.0,0.0
tablesaw,tech.tablesaw.table,TableSummaryTest,3.0,0.0,3.0,3.0,0.5,0.6666666666666666
tablesaw,tech.tablesaw.table,TableSliceTest,29.0,0.0,2.0,2.0,0.034482758620689655,0.06666666666666667
tablesaw,tech.tablesaw.table,RollingColumnTest,1.0,0.0,2.0,2.0,0.0,1.0
tablesaw,tech.tablesaw.table,TableSlice,271.0,107.0,5.0,4.0,0.7517241379310345,0.13333333333333333
tablesaw,tech.tablesaw.table,TableSliceGroup,108.0,80.0,7.0,3.0,0.8625,0.17647058823529413
tablesaw,tech.tablesaw.table,RollingColumn,0.0,0.0,1.0,1.0,-0.0,0.0
tablesaw,tech.tablesaw.table,Relation,2926.0,0.0,77.0,30.0,0.0,0.38961038961038963
tablesaw,tech.tablesaw.table,StandardTableSliceGroup,33.0,30.0,7.0,6.0,0.75,0.5555555555555556
tablesaw,tech.tablesaw.table,ByteArray,0.0,0.0,1.0,1.0,-0.0,0.0
tablesaw,tech.tablesaw.table,SelectionTableSliceGroup,3.0,0.0,3.0,2.0,0.0,0.6666666666666666
tablesaw,tech.tablesaw.filtering,DeferredColumnTest,1.0,0.0,2.0,2.0,0.0,1.0
tablesaw,tech.tablesaw.filtering,DeferredDateTimeColumn,1176.0,0.0,49.0,49.0,0.0,1.0
tablesaw,tech.tablesaw.filtering,BooleanFilterSpec,3.0,0.0,3.0,3.0,0.0,-1.0
tablesaw,tech.tablesaw.filtering,DateTimeFilterSpec,91.0,0.0,14.0,14.0,0.0,-1.0
tablesaw,tech.tablesaw.filtering,Or,0.0,0.0,1.0,1.0,-0.0,0.0
tablesaw,tech.tablesaw.filtering,DeferredColumn,5.0,4.0,3.0,3.0,0.6666666666666666,0.75
tablesaw,tech.tablesaw.filtering,DateAndDateTimeFilterSpec,435.0,0.0,30.0,30.0,0.0,-1.0
tablesaw,tech.tablesaw.filtering,DeferredTimeColumn,105.0,0.0,15.0,15.0,0.0,1.0
tablesaw,tech.tablesaw.filtering,TimeOnlyFilterSpec,45.0,0.0,10.0,10.0,0.0,-1.0
tablesaw,tech.tablesaw.filtering,TimeAndDateTimeFilterSpec,6.0,0.0,4.0,4.0,0.0,-1.0
tablesaw,tech.tablesaw.filtering,DeferredDateColumn,820.0,0.0,41.0,41.0,0.0,1.0
tablesaw,tech.tablesaw.filtering,DeferredBooleanColumn,6.0,0.0,4.0,4.0,0.0,1.0
tablesaw,tech.tablesaw.filtering,DeferredStringColumn,276.0,0.0,24.0,24.0,0.0,1.0
tablesaw,tech.tablesaw.filtering,DateOnlyFilterSpec,45.0,0.0,10.0,10.0,0.0,-1.0
tablesaw,tech.tablesaw.filtering,DeferredInstantColumn,6.0,0.0,4.0,4.0,0.0,1.0
tablesaw,tech.tablesaw.filtering,Not,0.0,0.0,1.0,1.0,-0.0,0.0
tablesaw,tech.tablesaw.filtering,NumberFilterSpec,190.0,0.0,20.0,20.0,0.0,-1.0
tablesaw,tech.tablesaw.filtering,InstantFilterSpec,3.0,0.0,3.0,3.0,0.0,-1.0
tablesaw,tech.tablesaw.filtering,DeferredNumberColumn,210.0,0.0,21.0,21.0,0.0,1.0
tablesaw,tech.tablesaw.filtering,StringFilterSpec,253.0,0.0,23.0,23.0,0.0,-1.0
tablesaw,tech.tablesaw.filtering,FilterSpec,1.0,0.0,2.0,2.0,0.0,-1.0
tablesaw,tech.tablesaw.filtering,And,0.0,0.0,1.0,1.0,-0.0,0.0
tablesaw,tech.tablesaw.api,QuerySupportTest,0.0,0.0,1.0,1.0,-0.0,0.0
tablesaw,tech.tablesaw.api,StringColumnTest,2380.0,2275.0,57.0,57.0,0.8,0.8028169014084507
tablesaw,tech.tablesaw.api,FloatColumnTest,18.0,15.0,6.0,6.0,0.9166666666666666,0.7142857142857143
tablesaw,tech.tablesaw.api,LongColumnTest,0.0,0.0,2.0,2.0,0.75,0.0
tablesaw,tech.tablesaw.api,DoubleColumnTest,28.0,0.0,8.0,8.0,0.0,1.0
tablesaw,tech.tablesaw.api,InstantColumnTest,35.0,15.0,7.0,7.0,0.888888888888889,0.36363636363636365
tablesaw,tech.tablesaw.api,CustomParser,3.0,3.0,3.0,3.0,1.0,1.0
tablesaw,tech.tablesaw.api,TableTest,2806.0,2609.0,55.0,53.0,0.9173553719008265,0.21794871794871795
tablesaw,tech.tablesaw.api,RowConsumer,0.0,0.0,1.0,1.0,-0.0,0.0
tablesaw,tech.tablesaw.api,NumberColumnTest,2080.0,0.0,65.0,61.0,0.946875,0.7384615384615385
tablesaw,tech.tablesaw.api,DateTimeColumnTest,17.0,0.0,3.0,3.0,0.2222222222222222,0.3
tablesaw,tech.tablesaw.api,DateColumnTest,25.0,0.0,3.0,3.0,0.15384615384615385,0.21428571428571427
tablesaw,tech.tablesaw.api,TableQueryTest,0.0,0.0,1.0,1.0,0.0,0.0
tablesaw,tech.tablesaw.api,IntColumnTest,0.0,0.0,2.0,2.0,0.75,0.0
tablesaw,tech.tablesaw.api,TimeColumnTest,129.0,0.0,4.0,3.0,0.06818181818181818,0.06666666666666667
tablesaw,tech.tablesaw.api,ShortColumnTest,0.0,0.0,2.0,2.0,0.75,0.0
tablesaw,tech.tablesaw.api,NumericColumnTest,3.0,0.0,3.0,3.0,0.0,1.0
tablesaw,tech.tablesaw.api,RowTest,666.0,0.0,37.0,25.0,0.8935185185185185,0.13513513513513514
tablesaw,tech.tablesaw.api,CategoricalColumnTest,0.0,0.0,1.0,1.0,0.0,0.0
tablesaw,tech.tablesaw.api,BooleanColumnTest,90.0,0.0,4.0,4.0,0.5483870967741935,0.125
tablesaw,tech.tablesaw.api,DateColumnMapTest,0.0,0.0,1.0,1.0,-0.0,0.0
tablesaw,tech.tablesaw.api,DoubleParserTest,21.0,0.0,7.0,7.0,0.0,1.0
tablesaw,tech.tablesaw.api,CategoricalColumn,0.0,0.0,1.0,1.0,0.0,-1.0
tablesaw,tech.tablesaw.api,StringColumn,2211.0,1647.0,40.0,13.0,0.8423423423423424,0.17333333333333334
tablesaw,tech.tablesaw.api,TimeColumn,2576.0,2226.0,43.0,10.0,0.8881578947368421,0.12987012987012986
tablesaw,tech.tablesaw.api,DateTimeColumn,2750.0,2419.0,45.0,8.0,0.8910256410256411,0.10126582278481013
tablesaw,tech.tablesaw.api,ColumnType,33.0,30.0,19.0,18.0,1.0961538461538463,-1.0
tablesaw,tech.tablesaw.api,Row,2551.0,542.0,6.0,4.0,0.9152046783625731,0.03125
tablesaw,tech.tablesaw.api,ColumnMap,17.0,13.0,4.0,1.0,0.75,0.0
tablesaw,tech.tablesaw.api,Table,7948.0,7250.0,78.0,34.0,0.9440203562340967,0.25
tablesaw,tech.tablesaw.api,NumberColumn,110.0,100.0,12.0,9.0,0.888888888888889,0.5625
tablesaw,tech.tablesaw.api,BooleanColumn,3492.0,2613.0,46.0,9.0,0.8709677419354839,0.09574468085106383
tablesaw,tech.tablesaw.api,BooleanColumnIterator,0.0,0.0,1.0,1.0,-0.0,0.0
tablesaw,tech.tablesaw.api,ShortColumn,1443.0,1233.0,38.0,10.0,0.6491228070175439,0.1724137931034483
tablesaw,tech.tablesaw.api,LongColumn,1463.0,1273.0,39.0,10.0,0.6666666666666666,0.1724137931034483
tablesaw,tech.tablesaw.api,QuerySupport,325.0,0.0,26.0,24.0,0.0,0.9230769230769231
tablesaw,tech.tablesaw.api,DateColumn,2394.0,2087.0,41.0,6.0,0.886986301369863,0.08108108108108109
tablesaw,tech.tablesaw.api,NumericColumn,1830.0,0.0,61.0,30.0,0.0,-1.0
tablesaw,tech.tablesaw.api,FloatColumn,1295.0,1105.0,36.0,8.0,0.6481481481481481,0.14545454545454545
tablesaw,tech.tablesaw.api,InstantColumn,2736.0,2391.0,46.0,9.0,0.8942307692307693,0.11392405063291139
tablesaw,tech.tablesaw.api,DoubleColumn,2115.0,1884.0,48.0,15.0,0.6911764705882353,0.21739130434782608
tablesaw,tech.tablesaw.api,IntColumn,1422.0,1191.0,37.0,8.0,0.631578947368421,0.13793103448275862
tablesaw,tech.tablesaw.conversion.smile,SmileConverterTest,1.0,0.0,2.0,2.0,0.0,1.0
tablesaw,tech.tablesaw.conversion.smile,SmileConverter,3.0,0.0,2.0,2.0,0.3333333333333333,0.5
tablesaw,tech.tablesaw.conversion,TableConverterTest,15.0,0.0,6.0,6.0,0.0,1.0
tablesaw,tech.tablesaw.conversion,TableConverter,33.0,0.0,4.0,4.0,0.25,0.3076923076923077
tablesaw,tech.tablesaw.analytic,AnalyticAggregateFunctionsTest,6.0,0.0,4.0,4.0,0.0,1.0
tablesaw,tech.tablesaw.analytic,WindowSpecificationTest,1.0,0.0,2.0,2.0,0.0,1.0
tablesaw,tech.tablesaw.analytic,AnalyticQueryTest,15.0,0.0,6.0,6.0,0.6,0.6666666666666666
tablesaw,tech.tablesaw.analytic,ArgumentListTest,21.0,0.0,7.0,7.0,0.0,1.0
tablesaw,tech.tablesaw.analytic,WindowFrameTest,91.0,0.0,14.0,14.0,0.0,1.0
tablesaw,tech.tablesaw.analytic,AnalyticQueryEngineTest,210.0,0.0,21.0,8.0,0.3,0.3333333333333333
tablesaw,tech.tablesaw.analytic,Implementations,43.0,20.0,4.0,4.0,0.7954545454545454,0.25
tablesaw,tech.tablesaw.analytic,WindowSlider,24.0,0.0,1.0,1.0,0.7840909090909091,0.0
tablesaw,tech.tablesaw.analytic,WindowFrame,104.0,0.0,8.0,7.0,0.8166666666666667,0.14285714285714285
tablesaw,tech.tablesaw.analytic,Builder,16.0,4.0,2.0,2.0,0.6428571428571429,0.25
tablesaw,tech.tablesaw.analytic,NumberingFunction,3.0,0.0,3.0,3.0,0.0,1.0
tablesaw,tech.tablesaw.analytic,ArgumentList,180.0,107.0,8.0,7.0,0.875,0.17391304347826086
tablesaw,tech.tablesaw.analytic,FunctionCall,10.0,0.0,2.0,1.0,0.42857142857142855,0.0
tablesaw,tech.tablesaw.analytic,Builder,10.0,0.0,2.0,2.0,0.75,0.2857142857142857
tablesaw,tech.tablesaw.analytic,WindowSpecification,77.0,34.0,7.0,6.0,0.8222222222222223,0.25
tablesaw,tech.tablesaw.analytic,Builder,7.0,4.0,2.0,2.0,0.75,0.4
tablesaw,tech.tablesaw.analytic,AggregateFunction,10.0,0.0,5.0,5.0,0.0,-1.0
tablesaw,tech.tablesaw.analytic,AnalyticQuery,872.0,709.0,17.0,11.0,0.9272727272727272,0.15217391304347827
tablesaw,tech.tablesaw.analytic,NumberingQueryBuilder,30.0,15.0,3.0,1.0,0.7037037037037037,0.0
tablesaw,tech.tablesaw.analytic,AnalyticBuilder,145.0,100.0,6.0,4.0,0.8026315789473685,0.2
tablesaw,tech.tablesaw.analytic,FullQueryBuilder,0.0,0.0,1.0,1.0,0.0,0.0
tablesaw,tech.tablesaw.analytic,QuickQueryBuilder,0.0,0.0,1.0,1.0,0.0,0.0
tablesaw,tech.tablesaw.analytic,AnalyticQueryEngine,20.0,0.0,3.0,1.0,0.5925925925925926,0.0
tablesaw,tech.tablesaw.analytic,FunctionMetaData,3.0,0.0,3.0,3.0,0.0,-1.0
tablesaw,tech.tablesaw.analytic,WindowDependentAggregateFunction,6.0,0.0,4.0,2.0,0.0,0.5
tablesaw,tech.tablesaw.analytic,AppendAggregateFunction,0.0,0.0,1.0,1.0,0.0,0.0
tablesaw,tech.tablesaw.analytic,Sum,11.0,0.0,3.0,3.0,0.625,0.2222222222222222
tablesaw,tech.tablesaw.analytic,Max,17.0,0.0,2.0,2.0,0.5,0.2222222222222222
tablesaw,tech.tablesaw.analytic,Min,17.0,0.0,2.0,2.0,0.5,0.2222222222222222
tablesaw,tech.tablesaw.analytic,Mean,11.0,0.0,3.0,3.0,0.65,0.2222222222222222
tablesaw,tech.tablesaw.analytic,Count,23.0,10.0,3.0,3.0,0.625,0.3333333333333333
tablesaw,tech.tablesaw.analytic,AnalyticQuerySteps,465.0,0.0,31.0,31.0,0.0,-1.0
tablesaw,tech.tablesaw.analytic,FullAnalyticQuerySteps,3.0,0.0,3.0,3.0,0.0,-1.0
tablesaw,tech.tablesaw.analytic,FromStep,0.0,0.0,1.0,1.0,0.0,-1.0
tablesaw,tech.tablesaw.analytic,PartitionByStep,0.0,0.0,1.0,1.0,0.0,-1.0
tablesaw,tech.tablesaw.analytic,OrderByOptionalStep,0.0,0.0,1.0,1.0,0.0,-1.0
tablesaw,tech.tablesaw.analytic,NumberingQuerySteps,3.0,0.0,3.0,3.0,0.0,-1.0
tablesaw,tech.tablesaw.analytic,FromStep,0.0,0.0,1.0,1.0,0.0,-1.0
tablesaw,tech.tablesaw.analytic,PartitionByStep,0.0,0.0,1.0,1.0,0.0,-1.0
tablesaw,tech.tablesaw.analytic,OrderByRequiredStep,0.0,0.0,1.0,1.0,0.0,-1.0
tablesaw,tech.tablesaw.analytic,QuickQuerySteps,0.0,0.0,1.0,1.0,0.0,-1.0
tablesaw,tech.tablesaw.analytic,FromStep,0.0,0.0,1.0,1.0,0.0,-1.0
tablesaw,tech.tablesaw.analytic,AnalyticFunctions,10.0,0.0,5.0,5.0,0.0,-1.0
tablesaw,tech.tablesaw.analytic,NumberingFunctions,3.0,0.0,3.0,3.0,0.0,-1.0
tablesaw,tech.tablesaw.analytic,DefineWindowFame,0.0,0.0,1.0,1.0,0.0,-1.0
tablesaw,tech.tablesaw.analytic,SetWindowStart,6.0,0.0,4.0,4.0,0.0,-1.0
tablesaw,tech.tablesaw.analytic,SetWindowEndOptionOne,6.0,0.0,4.0,4.0,0.0,-1.0
tablesaw,tech.tablesaw.analytic,SetWindowEndOptionTwo,1.0,0.0,2.0,2.0,0.0,-1.0
tablesaw,tech.tablesaw.analytic,NameStepAggregate,0.0,0.0,1.0,1.0,0.0,-1.0
tablesaw,tech.tablesaw.analytic,NameStepNumbering,0.0,0.0,1.0,1.0,0.0,-1.0
tablesaw,tech.tablesaw.analytic,Execute,3.0,0.0,3.0,3.0,0.0,-1.0
tablesaw,tech.tablesaw.analytic,AddAggregateFunctions,0.0,0.0,0.0,0.0,0.0,-1.0
tablesaw,tech.tablesaw.analytic,AddAggregateFunctionsWithExecute,0.0,0.0,0.0,0.0,0.0,-1.0
tablesaw,tech.tablesaw.analytic,AddNumberingFunction,0.0,0.0,0.0,0.0,0.0,-1.0
tablesaw,tech.tablesaw.analytic,AddNumberingFunctionWithExecute,0.0,0.0,0.0,0.0,0.0,-1.0
tablesaw,tech.tablesaw.util,TestDb,21.0,0.0,7.0,2.0,0.0,0.2857142857142857
tablesaw,tech.tablesaw.util,StringUtilsTest,0.0,0.0,1.0,1.0,0.0,0.0
tablesaw,tech.tablesaw.util,DoubleArraysTest,1.0,0.0,2.0,2.0,0.0,1.0
tablesaw,tech.tablesaw.util,StatUtilTest,3.0,0.0,3.0,3.0,0.0,1.0
tablesaw,tech.tablesaw.util,LevenshteinDistance,15.0,9.0,4.0,3.0,0.75,0.42857142857142855
tablesaw,tech.tablesaw.util,StringUtils,120.0,0.0,16.0,14.0,0.9333333333333333,0.6875
tablesaw,tech.tablesaw.util,DoubleArrays,15.0,0.0,6.0,6.0,0.0,1.0
tablesaw,tech.tablesaw.testutil,NanoBench,1304.0,1123.0,16.0,12.0,0.9652777777777778,0.07272727272727272
tablesaw,tech.tablesaw.testutil,MeasureListener,0.0,0.0,1.0,1.0,0.0,-1.0
tablesaw,tech.tablesaw.testutil,TimeMeasureProxy,1.0,0.0,1.0,1.0,0.5,0.0
tablesaw,tech.tablesaw.testutil,BytesRunnable,2.0,1.0,2.0,1.0,0.5,0.0
tablesaw,tech.tablesaw.testutil,MeasureState,22.0,16.0,3.0,3.0,0.8571428571428571,0.375
tablesaw,tech.tablesaw.testutil,CPUMeasure,14.0,7.0,1.0,1.0,0.8888888888888888,0.0
tablesaw,tech.tablesaw.testutil,BytesMeasure,6.0,2.0,2.0,1.0,0.8125,0.0
tablesaw,tech.tablesaw.testutil,MemoryUsage,10.0,5.0,2.0,1.0,0.8400000000000001,0.0
tablesaw,tech.tablesaw.testutil,MemoryUtil,1.0,0.0,2.0,1.0,0.0,0.0
tablesaw,tech.tablesaw.sorting,SortUtils,6.0,0.0,4.0,4.0,0.0,1.0
tablesaw,tech.tablesaw.sorting,Sort,26.0,16.0,5.0,2.0,0.5,0.2222222222222222
tablesaw,tech.tablesaw.sorting.comparators,IntComparatorChain,15.0,0.0,3.0,2.0,0.6875,0.2222222222222222
tablesaw,tech.tablesaw.sorting.comparators,DescendingLongComparator,0.0,0.0,1.0,1.0,0.0,0.0
tablesaw,tech.tablesaw.sorting.comparators,DescendingIntComparator,0.0,0.0,1.0,1.0,0.0,0.0
tablesaw,tech.tablesaw.sorting.comparators,ReversingIntComparator,0.0,0.0,1.0,1.0,-0.0,0.0
tablesaw,tech.tablesaw.columns.temporal,TemporalFillers,3.0,0.0,3.0,2.0,0.0,-1.0
tablesaw,tech.tablesaw.columns.temporal,TemporalPredicates,0.0,0.0,1.0,1.0,0.0,0.0
tablesaw,tech.tablesaw.columns.temporal,TemporalMapFunctions,210.0,0.0,21.0,6.0,0.0,-1.0
tablesaw,tech.tablesaw.columns.temporal,TemporalColumn,3.0,0.0,3.0,3.0,0.0,-1.0
tablesaw,tech.tablesaw.columns.temporal,TemporalFilters,105.0,0.0,15.0,6.0,0.0,-1.0
tablesaw,tech.tablesaw.columns.temporal.fillers,TemporalRangeIterable,0.0,0.0,1.0,1.0,0.3958333333333333,0.0
tablesaw,tech.tablesaw.columns.numbers.fillers,DoubleRangeIterable,4.0,0.0,3.0,3.0,0.5757575757575757,0.0
tablesaw,tech.tablesaw.columns.booleans.fillers,BooleanIterable,2.0,0.0,1.0,1.0,0.45,0.0
tablesaw,tech.tablesaw.filtering.predicates,BytePredicate,0.0,0.0,1.0,1.0,0.0,-1.0
tablesaw,tech.tablesaw.filtering.predicates,IntBiPredicate,0.0,0.0,1.0,1.0,0.0,-1.0
tablesaw,tech.tablesaw.filtering.predicates,LongBiPredicate,0.0,0.0,1.0,1.0,0.0,-1.0
